Member_Type,Member_ID,Member Name,Membership_Fees,Club_ID,Membership_Points
M,1,Chico Renfree,£134.80,7,142
M,2,Tessa Bruhnsen,£287.55,6,83
M,3,Ruy Huggin,£154.74,9,14
M,4,Bertie MacNeillie,£199.29,9,122
S,5,Maxie Dallewater,£209.26,2,181
M,6,Vernon Spaice,£88.14,8,39
S,7,Berkly Celloni,£117.69,7,166
M,8,Marc Mattocks,£477.41,2,188
S,9,Cori Duckitt,£468.90,3,94
S,10,Ivory Ledram,£290.08,2,160
S,11,Natalie Gregg,£52.49,3,133
S,12,Bernice Derkes,£443.33,6,33
S,13,Marwin Karolczyk,£495.25,6,51
S,14,Grover Seth,£359.95,9,163
S,15,Carmita Gwyther,£119.17,5,44
S,16,Brietta Witchard,£428.29,3,166
S,17,Yovonnda Danaher,£400.94,9,150
S,18,Yolande Dumphy,£160.51,4,12
M,19,Yancey Eyre,£144.11,1,31
S,20,Daniella Quarrell,£453.17,8,78
M,21,Lorne Bettles,£58.67,3,74
S,22,Teri Coppen,£102.03,1,61
S,23,Tiler Ivushkin,£286.18,10,55
M,24,Benjamin Faint,£408.92,10,59
M,25,Lanna Dymott,£162.57,2,151
S,26,Dirk Kinchley,£493.33,7,196
S,27,Ned Surr,£138.41,2,152
M,28,Nat Cossington,£451.59,6,174
S,29,Nelson Farbrother,£382.69,3,144
M,30,Allistir Abramov,£296.26,9,69
M,31,Arri Biss,£327.58,4,11
S,32,Gayel Tott,£120.62,3,124
S,33,Mirna Longina,£75.38,1,23
S,34,Bourke Sanham,£188.11,3,13
M,35,Trev Sirmond,£174.36,10,19
M,36,Sauncho Keech,£406.72,10,11
M,37,Ervin Jossum,£492.30,2,138
M,38,Roderigo Hambelton,£386.04,4,27
S,39,Sky Schiell,£325.71,5,143
M,40,Hashim Simonnin,£363.11,2,163
S,41,Gene Sievewright,£469.07,10,196
M,42,Pyotr Seabrook,£490.41,5,76
M,43,Rana Jancik,£254.61,3,191
M,44,Filmer Bohl,£454.72,4,37
M,45,Elonore Ketcher,£265.21,2,177
S,46,Jerald Semper,£352.22,6,174
M,47,Elly Boarer,£374.88,1,57
S,48,Bea O'Criane,£441.85,9,14
M,49,Rachel Hayle,£82.02,7,148
M,50,Sibbie Pettis,£86.80,5,115
M,51,Ced Couttes,£248.72,10,61
S,52,Vassily De Bernardi,£430.51,9,188
S,53,Emlyn Gong,£261.47,4,122
M,54,Ana Hague,£376.03,4,88
S,55,Ludovika Dwyer,£436.56,10,178
M,56,Parnell Davidovici,£405.02,1,38
M,57,Andrus Marnane,£261.67,8,148
M,58,Timmi Dampier,£138.08,8,1
M,59,Evaleen Harvatt,£478.57,8,114
M,60,Clarence Gledhill,£308.27,7,89
S,61,Andreas Crumb,£407.19,1,5
S,62,Rowan Gaskall,£76.18,8,59
M,63,Penny Soeiro,£149.11,5,70
M,64,Frederique Miles,£184.03,8,100
S,65,Dal MacCardle,£496.75,8,91
S,66,Bronny Baudic,£262.60,4,95
M,67,Kennie Fleeming,£356.90,5,80
M,68,Jermayne Loughlan,£494.97,5,52
M,69,Vinny Burfoot,£59.63,9,113
M,70,Henrieta Loughnan,£326.29,4,37
S,71,Caro Gagen,£411.50,7,36
S,72,Chrystal Eakle,£241.54,4,196
M,73,Camile Kerr,£148.74,8,182
M,74,Jo Murby,£370.98,5,129
S,75,Farlee Darville,£320.63,10,3
M,76,Dorie Nuzzetti,£420.02,8,180
M,77,Allyn Hallitt,£99.69,3,96
S,78,Burch McCudden,£300.08,2,130
M,79,Ortensia Kinge,£468.63,9,180
M,80,Kylynn Eede,£419.05,6,79
M,81,Lew Legen,£492.42,2,43
S,82,Janie Cheston,£227.61,1,45
M,83,Allegra Vaughn,£411.68,7,97
M,84,Elwin Miroy,£473.97,7,7
S,85,Chevy Jeenes,£235.45,6,85
M,86,Wenona Roomes,£160.10,7,111
S,87,Paxton Freeman,£464.74,2,156
M,88,Patti Plascott,£466.86,9,47
M,89,Tildi Giordano,£348.12,10,130
S,90,Nissy Foggo,£270.11,9,21
S,91,Melina Jannasch,£417.11,6,66
S,92,Nevil Durram,£461.07,5,87
M,93,Gino Ivashev,£485.74,10,174
S,94,Angy MacRonald,£257.29,3,120
S,95,Coleen Boulsher,£143.19,9,27
M,96,Nikolos Fessler,£338.31,4,133
S,97,Gan Witherup,£397.80,9,49
M,98,Drucy Van Halen,£312.84,9,27
S,99,Chan Cay,£480.67,10,82
M,100,Pierette Matusevich,£147.27,8,18
M,101,Mylo Willimot,£339.23,9,137
M,102,Alberta Kershow,£303.68,2,151
M,103,Meredith Lessmare,£488.95,2,122
S,104,Dale Marklin,£366.45,6,45
S,105,Chelsy Klimkiewich,£140.47,6,14
M,106,Valeria Nassie,£366.90,9,52
S,107,Desi Aleso,£411.42,4,127
S,108,Kristoforo Murdy,£128.18,1,141
S,109,Audry Omond,£272.97,8,120
M,110,Claudetta Habgood,£212.30,6,153
S,111,Arielle Stocken,£177.59,2,83
S,112,Ellissa Bernhardt,£467.85,8,16
M,113,Carey O'Gormley,£488.12,5,3
S,114,Morty Tritton,£213.19,9,113
S,115,Abigael Privost,£479.14,8,33
S,116,Ethelyn Moncrieffe,£73.16,8,142
M,117,Roxi Sephton,£363.40,4,99
M,118,Eli Coldman,£242.68,3,36
S,119,Boonie Keates,£289.86,8,96
M,120,Garwin Glenfield,£181.20,5,60
M,121,Crichton Guild,£485.83,3,82
S,122,Sloane Vise,£51.93,2,42
M,123,Asia Bolles,£75.87,8,23
S,124,Minni Kasperski,£78.71,6,165
S,125,Roxane Spelling,£274.80,4,120
S,126,Salaidh Harrill,£494.37,9,76
M,127,Chryste Ramet,£380.16,6,80
M,128,Angeline Covill,£470.34,2,79
S,129,Karla Breffit,£349.40,8,177
M,130,Jilli Sheals,£242.80,4,48
S,131,Granville Brenstuhl,£105.59,4,42
S,132,Deeyn Atwill,£78.95,2,48
M,133,Wolfy Fishpond,£282.94,2,197
S,134,Antoine Micheli,£380.44,6,135
S,135,Gilda Corradetti,£162.19,9,76
S,136,Juan Decroix,£236.87,10,115
M,137,Tamiko Maunder,£193.76,6,162
M,138,Charin Wermerling,£138.24,1,87
S,139,Adelice Goricke,£294.76,9,124
S,140,Trude Davys,£96.02,6,192
S,141,Tymon Wing,£384.51,1,97
M,142,Kettie Meiklem,£140.21,1,37
S,143,Eleonore Cansdell,£363.72,3,24
M,144,Reeba Riepl,£399.44,1,146
M,145,Gradey Weald,£346.53,3,58
S,146,Selena Syres,£102.18,3,117
S,147,Pepito Grebert,£467.86,2,153
S,148,Lu McCrisken,£212.48,8,42
S,149,Bjorn Kyllford,£445.06,1,88
S,150,Warde Methuen,£118.45,2,163
S,151,Broderic Cartner,£173.95,1,66
S,152,Vivianne Misken,£109.80,4,73
S,153,Blakelee Diss,£322.90,4,153
S,154,Marisa Brane,£248.73,6,155
M,155,Jamil Carress,£455.90,8,63
M,156,Beverly While,£345.38,5,37
M,157,Ferdy Huband,£311.36,1,171
M,158,Ross Trimmell,£256.23,6,74
S,159,Ashton Jozsa,£185.61,10,68
S,160,Aurel Dogerty,£472.93,2,6
S,161,Mae McParland,£81.04,3,69
S,162,Lorianne Klaus,£424.03,8,181
M,163,Gaven Thebes,£102.26,1,65
M,164,Joanie Alfonsetto,£340.94,2,12
M,165,Gerome Cutchee,£478.50,4,196
M,166,Jeanie Fleeming,£259.24,4,193
S,167,Nataline Karpenya,£241.18,7,151
S,168,Melisandra Wales,£265.73,9,114
S,169,Massimo Allingham,£197.73,10,50
S,170,Etheline Bruckent,£306.22,2,17
M,171,Rozalie Elsay,£409.77,9,121
S,172,Rana Penvarden,£147.94,9,92
M,173,Morty Woofendell,£418.48,5,102
S,174,Ade Rodder,£121.57,3,133
S,175,Bartholomew Crips,£268.21,9,136
S,176,Cordie Pawelek,£332.79,8,7
S,177,Seline Skelly,£431.27,2,192
M,178,Patty Mallord,£109.57,6,97
S,179,Dedie Bleyman,£68.70,3,98
S,180,Abbe Shelf,£74.02,6,21
M,181,Kellen Astell,£390.44,6,195
M,182,Nancy Huckerbe,£141.67,9,159
M,183,Eugine Sellor,£379.56,2,91
S,184,Adorne Franceschelli,£64.87,8,197
M,185,Lionello Paddy,£188.03,7,138
S,186,Jeramey Zienkiewicz,£329.56,1,35
S,187,Pen Muston,£91.42,4,83
M,188,Casar Rutter,£71.25,3,113
M,189,Ag Dodamead,£213.42,9,157
S,190,Nedi Laurenceau,£83.67,4,122
M,191,Hermina Hempel,£52.34,6,56
M,192,Jane Corr,£267.17,2,5
S,193,Wallis Muress,£279.64,4,38
M,194,Sydelle Broughton,£485.67,8,186
M,195,Nancey Kehir,£98.83,8,193
M,196,Sharia Upshall,£420.80,9,75
S,197,Tedda Spurdle,£114.83,9,184
S,198,Benedicta Sheeran,£498.02,8,100
S,199,Mitzi Farlow,£198.34,1,50
S,200,Jeth Gentil,£377.23,5,176
S,201,Jud Ilyukhov,£459.28,6,111
S,202,Dallis Mitie,£99.74,8,160
S,203,Reggie Coucher,£80.77,1,7
M,204,Gordie Larway,£438.63,4,77
M,205,Edmon Shayler,£245.25,2,148
S,206,Jerrine Muddiman,£291.83,10,157
S,207,Tybi Imlaw,£72.98,6,55
S,208,Jeane Southam,£262.23,7,79
S,209,Daren Laws,£312.99,1,28
S,210,Clementina Speariett,£137.56,5,124
M,211,Scarlett MacCostigan,£329.33,2,113
S,212,Rasla Brydie,£287.39,4,129
S,213,Derwin Concannon,£255.44,7,141
M,214,Kristyn Chetwynd,£209.62,5,179
M,215,Nappy MacGinney,£215.06,8,46
S,216,Collen Roxburch,£335.16,2,74
S,217,Mendel Strugnell,£444.44,5,62
S,218,Gordie Peotz,£274.47,2,153
S,219,Mady Gardener,£183.85,3,21
M,220,Louise Dureden,£483.57,4,42
M,221,Staford Blaycock,£196.90,3,97
S,222,Reider Spittal,£498.81,2,114
M,223,Boycie Ravenshear,£70.53,7,119
S,224,Bethanne Jaquiss,£424.81,4,35
M,225,Hakim Soppeth,£245.44,4,48
S,226,Irita Schutze,£246.96,9,171
M,227,Paddie O'Doogan,£276.85,4,175
S,228,Cathrin Probat,£377.95,6,162
S,229,Celestine Garman,£400.92,5,106
S,230,Stavro Barnsdall,£277.82,7,180
M,231,Faye Freeborn,£376.27,3,11
M,232,Sampson Sturgeon,£471.78,4,195
S,233,Tanner Warstall,£279.65,2,116
M,234,Cecilius O'Harney,£104.84,6,20
M,235,Lonnie Custed,£142.37,6,128
M,236,Dyane Douche,£192.65,6,166
S,237,Sid Tomczykowski,£438.20,4,126
M,238,Helenelizabeth Archbald,£111.25,7,147
M,239,Lilian Andriulis,£234.51,7,186
S,240,Zacharias Lafee,£299.81,4,175
M,241,Zorana Handley,£138.97,1,33
S,242,Alano Kinnard,£187.16,3,139
M,243,Carroll Wainer,£140.60,1,179
M,244,Lurlene Brevitt,£168.39,6,82
S,245,Isaiah Chalmers,£192.39,9,36
S,246,Spenser Melly,£410.56,9,96
M,247,Morly Crudgington,£276.07,3,199
M,248,Chicky Zavattieri,£363.81,9,10
M,249,Alva Puddin,£94.96,1,142
S,250,Amara Duprey,£346.62,1,100
S,251,Joice Lanham,£115.10,7,145
M,252,Emmanuel Drury,£115.58,7,120
M,253,Gibby Burkwood,£418.46,2,188
M,254,Elie Cuddihy,£316.11,8,33
M,255,Cairistiona Cresser,£455.06,7,58
M,256,Sibella Patey,£367.27,3,17
S,257,Flss Lathy,£94.65,6,24
S,258,Thoma Berrisford,£332.03,1,41
M,259,Catharina MacGoun,£137.00,9,186
S,260,Duky Maskall,£202.28,5,91
M,261,Jack Sandiford,£122.05,8,49
M,262,Kelwin Brightling,£147.42,9,195
M,263,Cori Dunkley,£113.23,9,29
S,264,Tiphany Sandhill,£95.17,7,21
M,265,Lauraine Gaskamp,£222.21,6,94
S,266,Alikee McIlmorie,£274.07,9,190
S,267,Inge Musto,£190.84,7,42
M,268,Aubine Hallowell,£417.92,9,94
M,269,Levon Makeswell,£409.96,8,101
S,270,Marillin Antonat,£467.80,2,108
S,271,Jorgan Gervaise,£121.73,6,189
S,272,Minny Overlow,£283.16,2,124
S,273,Yancey Rhoddie,£272.72,8,88
M,274,Wendeline Potts,£296.70,6,111
M,275,Carolan Yorston,£185.39,9,34
S,276,Kinnie Jerg,£264.58,6,12
M,277,Mortimer Demke,£98.01,8,30
S,278,Yetty McCloughen,£423.59,3,194
S,279,Berkley Cluley,£131.36,2,196
M,280,Willow Eckert,£384.05,9,134
M,281,Rance Langhor,£279.43,8,73
M,282,Angelo Ruos,£248.21,7,153
S,283,Troy Miko,£433.60,10,140
S,284,Rip Dundendale,£197.24,7,178
S,285,Alejandra Brigge,£456.82,9,38
M,286,Hermine Bennington,£323.36,1,197
M,287,Jeno Grigoli,£388.87,1,157
S,288,Darleen Grzegorek,£162.28,10,11
M,289,Meghann Dakin,£156.75,5,42
S,290,Nichole Fernihough,£329.58,6,176
M,291,Christiano Mulderrig,£297.25,10,171
S,292,Wildon Thurlbeck,£179.85,6,154
M,293,Carlos Goosnell,£80.69,2,82
M,294,Lizabeth Hartland,£272.55,5,53
S,295,Wang Temblett,£223.71,7,121
S,296,Marris Brazur,£236.30,6,26
M,297,Ethelred MacCurley,£229.22,8,138
S,298,Walden Creswell,£498.62,3,35
M,299,Denys Matura,£287.87,6,46
S,300,Aurelia Biever,£198.98,10,43
S,301,Meryl Marshal,£197.46,7,14
S,302,Starlene Ovington,£435.92,10,188
M,303,Shamus Lemonby,£406.28,2,65
S,304,Karlen Blondell,£475.72,8,31
S,305,Louise Derby,£249.57,3,10
S,306,Muffin Cluitt,£144.33,5,62
M,307,Jeanette Bosquet,£208.39,5,49
S,308,Rossie Fairey,£242.55,3,189
S,309,Tamarah Yakebowitch,£185.81,7,149
S,310,Dorrie Laurisch,£62.44,9,102
S,311,Wells Whelpdale,£116.20,3,186
S,312,Aurel Thynne,£446.35,5,197
M,313,Torrey Buessen,£216.51,6,130
S,314,Rinaldo Jepson,£328.09,7,99
M,315,Andrei Rubinovitsch,£276.77,1,53
M,316,Rozelle Peeters,£423.00,2,147
M,317,Urbanus Bruckenthal,£489.99,3,56
M,318,Mathilda O'Rudden,£290.38,9,54
S,319,Freemon Killeen,£431.16,6,111
S,320,Elle Heinel,£314.76,3,89
S,321,Mozelle Fodden,£93.41,6,149
M,322,Innis Riccio,£212.21,5,177
M,323,Say Heimes,£421.41,4,29
M,324,Cobby Darragh,£290.50,3,43
S,325,Veda Davids,£490.17,1,78
S,326,Georgine Tuffs,£135.57,10,36
S,327,Gannon Sauniere,£417.76,10,161
S,328,Phyllis Alyokhin,£107.95,2,58
M,329,Erich Blinerman,£376.51,5,19
M,330,Clementius Mattke,£334.32,3,12
S,331,Glenn Zmitrovich,£179.02,9,163
M,332,Roxane Gandar,£321.42,3,193
S,333,Baryram Aleswell,£262.38,2,148
S,334,Burton Aveline,£423.95,5,65
M,335,Fae Cuardall,£162.94,5,186
M,336,Amalle Willes,£182.19,7,113
M,337,Karlee Bridge,£53.04,8,100
M,338,Finlay Espie,£325.24,2,67
M,339,Seward Bode,£496.69,4,130
S,340,Lancelot Box,£147.13,8,95
S,341,Chrissie Wasling,£320.53,8,82
M,342,Ronny Wrightim,£144.68,4,99
S,343,Jeremy Denholm,£154.19,4,9
S,344,Worth Kinny,£381.98,3,190
M,345,Wendye Clapison,£240.99,5,66
S,346,Herbert Trigg,£471.03,10,65
S,347,Rowney Tunnicliff,£364.92,4,141
S,348,Cornie Nolder,£366.18,1,103
M,349,Calvin Orhrt,£86.47,2,147
S,350,Simmonds Musto,£496.10,2,65
M,351,Corabel Mielnik,£253.74,2,51
M,352,Sean Evreux,£318.49,1,3
M,353,Dex Kabos,£288.10,8,183
S,354,Nari Tottman,£284.37,3,28
M,355,Gunar Di Francesco,£267.46,7,181
S,356,Kelcy Gruszka,£77.98,5,168
M,357,Trista Staner,£259.35,2,70
M,358,Ches Albury,£487.90,7,128
M,359,Georges Jerman,£165.70,5,21
S,360,Nero Heino,£264.59,5,149
M,361,Carney Bone,£438.22,6,51
S,362,Katleen Alf,£120.32,1,86
S,363,Linnell Edworthye,£429.56,10,11
S,364,Glynda Tumasian,£82.58,2,129
S,365,Ambrosio Abramovici,£288.75,1,153
M,366,Halimeda Burless,£478.92,10,49
M,367,Diarmid Bougourd,£379.68,8,88
S,368,Solomon Vagges,£499.58,7,36
M,369,Delila Beston,£149.31,1,169
S,370,Codi Jaffrey,£208.09,7,6
M,371,Rollie Cardozo,£291.18,4,134
M,372,Koren Moynham,£140.90,6,186
S,373,Zeke Langcaster,£108.07,10,23
M,374,Clementia Wimmers,£428.70,4,168
S,375,Byram Skinner,£198.08,4,47
M,376,Malva Ferraraccio,£241.39,8,129
S,377,Benoit Whight,£207.68,9,142
S,378,Cordey Nicol,£485.97,9,162
M,379,Cati Theis,£356.98,3,42
S,380,Aigneis Sibery,£173.67,2,190
M,381,Claybourne Vasilechko,£258.98,4,116
S,382,Anatol Beardsell,£364.49,2,52
M,383,Lindie Peegrem,£225.91,1,109
M,384,D'arcy Havis,£251.09,4,109
M,385,Nan Poff,£277.56,9,83
M,386,Travus Snawdon,£113.71,10,199
S,387,Milka Janc,£168.60,10,30
M,388,Izzy Perelli,£270.46,10,94
S,389,Noland Crofthwaite,£239.96,10,8
S,390,Felicle Farrington,£200.97,7,89
S,391,Les Quadling,£476.99,9,18
S,392,Kim Gowdridge,£87.43,4,144
S,393,Anastassia Gare,£354.95,7,61
M,394,Dasie Dahlback,£177.57,10,87
S,395,Reinold Bonafacino,£75.80,4,110
M,396,Iggie Mutimer,£297.68,8,27
M,397,Delilah Fealy,£90.85,1,104
S,398,Sidney McNae,£204.01,2,169
M,399,Casi Brendel,£169.12,2,124
S,400,Maribel Jorio,£417.88,3,121
M,401,Ashlen Raylton,£475.14,8,30
S,402,Blane Ivanishev,£338.00,5,14
S,403,Alfred Vaadeland,£279.70,1,123
M,404,Jeni Doward,£477.83,1,128
M,405,Albertina Smallcomb,£141.08,4,25
M,406,Reginauld Seamen,£441.51,10,139
S,407,Anne-corinne Dyne,£334.74,8,169
M,408,Tiffy Lujan,£490.44,8,91
S,409,Donnell Skypp,£351.52,5,84
S,410,Tirrell Harome,£408.37,1,111
M,411,Bailey Sutherley,£148.14,4,164
S,412,Noak Dumphrey,£470.34,5,15
S,413,Terrijo Buff,£298.04,1,120
S,414,Cosme Toffanini,£298.71,4,100
M,415,Isa Ingarfill,£276.75,7,91
S,416,Roslyn Gleeton,£494.09,7,165
S,417,Brandy Mahady,£139.48,1,175
S,418,Maribel Death,£275.61,2,81
M,419,Ernie Yegorovnin,£292.31,10,153
M,420,Zacharias Pendred,£428.00,6,141
M,421,Pavel Strowger,£213.49,8,88
M,422,Gizela Showen,£159.09,5,46
S,423,Harriett Ferrai,£196.46,6,1
S,424,Royall Dockray,£328.62,2,6
S,425,Ricky Warriner,£433.28,9,105
M,426,Skippie Parsons,£201.06,7,199
S,427,Tyson Bernat,£442.74,2,162
S,428,Torre Bonnick,£222.75,9,146
M,429,Hayward Phelips,£491.78,9,44
S,430,Oswald Kohlerman,£237.44,1,119
S,431,Carter Birney,£294.48,9,30
M,432,Wynn Greveson,£194.78,6,13
S,433,Eustace Beevor,£247.25,7,75
M,434,Elyn Bister,£325.30,8,185
M,435,Annabela Domenichini,£412.24,3,120
S,436,Dulcia Greatreax,£472.86,1,146
M,437,Gradeigh Gebby,£310.89,4,183
M,438,Flory Clelle,£453.25,1,138
S,439,Casar Schelle,£228.22,4,166
M,440,Matteo Huthart,£271.92,3,158
S,441,Jamil Idney,£167.81,6,107
M,442,Ernesto Everett,£202.73,2,106
S,443,Roland Tripe,£460.65,10,37
M,444,Casey Ballister,£247.30,8,28
M,445,Miguel Errey,£410.72,10,65
M,446,Worthy Gerger,£185.63,5,166
M,447,Nikolas Gorey,£270.28,2,66
M,448,Petronille De la Yglesia,£155.69,10,119
M,449,Archy Sharman,£101.64,6,117
M,450,Brian Dyneley,£196.68,9,31
M,451,Anselma Oakenford,£356.85,10,165
S,452,Drud Teeney,£212.58,4,164
S,453,Libbi Godding,£355.26,1,98
S,454,Tobias Pipe,£59.11,7,46
S,455,Janka Balcon,£53.72,2,20
M,456,Teddy Schimon,£464.20,4,62
S,457,Tori McCuaig,£442.60,7,96
M,458,Joye Rosberg,£223.01,6,76
M,459,Chanda Robertshaw,£118.70,5,150
S,460,Sorcha Verner,£296.12,7,151
S,461,Berri Muncie,£264.13,10,157
S,462,Jourdan Swane,£74.88,10,117
M,463,Drud Finlator,£223.44,10,79
M,464,Emery Strauss,£299.55,5,52
M,465,Tad Pues,£279.77,5,108
M,466,Farand Dellenty,£452.68,4,173
S,467,Dorice Sawell,£248.38,8,2
S,468,Harp Birtwell,£460.39,9,135
S,469,Albrecht Cleverley,£242.14,6,146
M,470,Sheree Sarjent,£187.46,4,182
S,471,Clemens Lippett,£127.58,2,74
M,472,Verna Ruddy,£277.12,8,196
S,473,Omero Warman,£289.94,8,52
M,474,Judd Davy,£356.18,8,135
S,475,Alwin Meach,£203.53,8,85
S,476,Silvanus Redman,£98.36,6,155
M,477,Cleon Hows,£396.81,8,191
S,478,Silvain Enstone,£110.42,1,172
M,479,Willem Thebes,£233.79,3,158
M,480,Lalo Mouatt,£250.74,10,183
M,481,Timmy Morecombe,£117.42,7,8
S,482,Cassi Wellbeloved,£110.36,2,171
S,483,Kitti Cowe,£314.44,7,136
S,484,Caleb Quin,£211.04,4,186
S,485,Joly Dormer,£166.08,10,180
M,486,Bobbee Delooze,£165.07,2,48
M,487,Anton Trattles,£188.76,5,179
M,488,Delores Van den Dael,£333.13,3,71
M,489,Merrielle Derx,£277.07,6,41
S,490,Lezlie Derell,£164.15,10,24
S,491,Cassie Roalfe,£312.22,3,73
S,492,Russ Schukraft,£390.80,4,169
M,493,Paulie Rogan,£450.55,9,87
M,494,Brana Kinman,£133.12,5,20
M,495,Leanor Carn,£287.10,10,99
M,496,Maryann McAuslan,£322.71,7,198
S,497,Guglielmo Haszard,£112.36,5,127
M,498,Frans Chisholme,£296.43,9,128
M,499,Budd Lambdin,£298.95,1,76
M,500,Vonny Heiden,£192.61,9,160
M,501,Scotty Marian,£215.46,10,31
M,502,Matthiew Lidington,£356.58,7,176
M,503,Carlo Rayment,£123.75,2,103
S,504,Che Vinton,£82.43,2,68
M,505,Minna Blancowe,£271.00,1,184
M,506,Vonnie Houlton,£117.28,6,36
M,507,Darcy Meller,£471.01,4,147
M,508,Timi Kerwick,£409.31,3,152
M,509,Nata Jammet,£133.26,10,43
S,510,Thornton Badger,£287.06,5,12
S,511,Rea Hutsby,£362.84,9,15
M,512,Felipa Chrishop,£283.53,4,183
M,513,Thurstan D' Angelo,£484.70,6,2
M,514,Felike Dunkerley,£80.16,1,70
M,515,Morgana Scurrell,£137.85,3,174
S,516,Luelle Sim,£100.84,8,177
S,517,Esta Rossbrook,£165.60,10,200
M,518,Roxanna Bagster,£239.74,4,156
S,519,Gerhard Duignan,£439.45,8,156
S,520,Cobby Boldry,£199.69,10,41
M,521,Zora Towner,£63.74,7,183
M,522,Virgilio Lammenga,£473.15,8,162
M,523,Wallis Fantonetti,£249.47,8,150
S,524,Mikel Waite,£468.08,7,60
S,525,Jeanine Martel,£278.62,1,175
M,526,Arlan Valerius,£384.66,6,178
S,527,Gay Habberjam,£152.71,6,61
S,528,Nils Abramof,£421.32,1,102
M,529,Dewitt Cade,£404.01,1,61
M,530,Laurel Seago,£493.88,5,134
S,531,Alvinia Quaif,£191.88,9,102
M,532,Annecorinne Akerman,£144.13,8,62
S,533,Lorna Dannatt,£142.00,6,12
S,534,Patty Pay,£91.69,10,17
S,535,Silvanus Henniger,£453.56,3,20
S,536,Zak Balser,£322.61,5,194
M,537,Alys Guerriero,£204.69,1,24
S,538,Dimitry Busek,£279.74,3,72
M,539,Joyce Luttgert,£60.28,9,82
S,540,Cherlyn Scopes,£143.75,3,15
S,541,Annora Wealthall,£284.20,5,28
M,542,Pammy Jay,£437.77,7,117
M,543,Meta Sargent,£329.43,9,67
M,544,Janaya Lennie,£350.61,6,83
M,545,Nolly Heggison,£309.14,5,158
M,546,Fanechka Clows,£337.08,7,21
M,547,Laure Binnion,£99.96,4,86
M,548,Harriette Eyers,£451.67,8,192
M,549,Forbes Grund,£307.93,9,14
M,550,Tobias Blenkhorn,£346.75,2,151
M,551,Brinn Joney,£169.61,3,56
M,552,Etheline Foot,£220.44,2,24
M,553,Saul Bawcock,£321.56,10,112
M,554,Kristyn Wakefield,£436.47,5,73
S,555,Courtenay Boeter,£469.66,1,54
M,556,Bibby Elms,£277.12,1,180
M,557,Oliver O'Coskerry,£114.80,6,74
M,558,Bettine Sandon,£278.16,2,181
S,559,Jeremias Gyurkovics,£62.56,3,29
S,560,Enrique Pleasants,£199.44,5,159
S,561,Julee Christie,£219.56,9,1
S,562,Alejandrina Petr,£120.70,6,10
M,563,Parnell Stanway,£259.34,5,187
S,564,Dud Cotmore,£267.14,6,31
M,565,Peggie Klemencic,£65.84,2,97
M,566,Helenka Caulliere,£160.03,4,126
M,567,Ingunna Schriren,£382.73,10,143
M,568,Lilia Courteney,£281.60,2,20
S,569,Susanna Fittes,£444.58,5,4
M,570,Guillermo Confort,£182.43,6,146
M,571,Irwin Saurin,£246.59,9,49
M,572,Terry Haquard,£227.54,8,184
S,573,Zebedee Trulock,£441.22,5,153
M,574,Amanda Cassels,£345.02,10,178
M,575,Leeann Luxon,£453.14,7,56
M,576,Ly Spybey,£174.47,1,137
S,577,Ric Duffet,£103.46,3,6
S,578,Alden Yeats,£244.19,9,137
M,579,Huberto Noel,£459.23,1,65
M,580,Laurella Barrass,£222.50,3,131
M,581,Pyotr Roscamp,£357.55,9,147
S,582,Antonella Goodby,£379.32,9,39
M,583,Corena Sarchwell,£267.07,6,114
S,584,Raddy Drakard,£113.79,6,148
M,585,Emelda Boken,£181.50,9,3
S,586,Fonsie Beardshaw,£171.54,5,6
S,587,Koral Connett,£89.21,3,168
S,588,Sallie Eefting,£455.92,4,23
M,589,Alyse Belcham,£282.07,2,128
M,590,Jedd Shulver,£202.43,7,29
S,591,Darcy Morant,£437.43,2,35
M,592,Henri Neeve,£283.63,9,70
S,593,Dorthea Paddington,£222.41,1,50
M,594,Marga Liell,£72.14,3,154
M,595,Ursala Ladd,£386.32,5,46
S,596,Glynn McBoyle,£308.91,2,161
M,597,Hewet Tern,£369.15,4,58
M,598,Lia Iamittii,£122.37,1,139
S,599,Gabriela Hackley,£499.01,1,196
S,600,Nero Gaskell,£490.97,1,4
S,601,Gustie Paris,£398.04,7,115
M,602,Lane Blanning,£224.08,9,9
M,603,Cordie Graver,£172.21,1,199
M,604,Marshal Kennaird,£287.92,2,184
M,605,Waiter Bentley,£182.12,8,97
S,606,Luise Chasmer,£371.53,2,5
M,607,Benjamen Kemwal,£123.06,5,33
M,608,Lon Spry,£332.18,7,126
S,609,Clive Kingswell,£277.08,9,27
S,610,Emanuele Jordon,£356.97,9,55
M,611,Oran Tofano,£431.49,5,25
S,612,Cati Chalker,£486.96,3,86
S,613,Perl Riglesford,£385.64,5,43
S,614,Susi Kemmett,£329.22,2,108
S,615,Robert Curwen,£96.17,5,94
M,616,Hunt Kender,£94.85,4,97
M,617,Richie Chater,£152.18,9,71
S,618,Tasia Coger,£237.17,10,6
M,619,Rowe Wedlake,£307.09,1,86
M,620,Shamus Monkeman,£293.66,5,41
S,621,Chane Scoterbosh,£395.72,7,162
M,622,Wallis Mathie,£445.40,3,127
M,623,Selia Lasham,£105.26,2,17
M,624,Alan McArte,£362.13,1,199
M,625,Diann Burgill,£429.62,6,64
S,626,Klarika Schwand,£85.38,3,116
S,627,Stace Knappen,£395.92,4,94
S,628,Bale Mathevet,£445.24,9,41
S,629,Willy Humfrey,£86.18,3,79
S,630,Johnny L'Hommeau,£357.52,1,23
S,631,Vera Berkowitz,£174.84,6,6
M,632,Marta Tissell,£390.78,1,95
M,633,Sayers Blackah,£78.58,9,159
S,634,Inger Maultby,£240.74,7,110
S,635,Trent Stockell,£169.49,1,50
M,636,Jewelle Ojeda,£437.79,3,34
S,637,Claire Epple,£152.73,6,23
S,638,Tiebold Kynoch,£498.56,8,80
M,639,Leoine Syms,£141.95,8,8
S,640,Hedda Aylmer,£357.51,1,178
M,641,Maurise D'Ruel,£254.41,9,66
S,642,Maynord Swarbrigg,£213.83,3,180
M,643,Hubey Sergean,£251.93,2,195
M,644,Tallia Gypps,£75.20,7,41
M,645,Torey Yanin,£109.04,3,23
S,646,Babbette Picker,£133.85,10,132
S,647,Jessie Haffenden,£72.79,4,173
S,648,Kristal Barnsley,£473.03,5,116
M,649,Zach Forder,£158.92,2,52
M,650,Sofia Skein,£475.30,6,108
M,651,Brander Belle,£343.24,10,92
S,652,Chaddie Lealle,£399.89,10,15
S,653,Bond Chilcotte,£132.30,2,20
M,654,Catlaina Garie,£123.71,7,175
S,655,Mureil Van der Beken,£170.97,10,20
S,656,Hubie Moberley,£243.63,1,156
M,657,Haven Curtayne,£176.15,2,48
M,658,Lenora Basden,£231.08,4,101
M,659,Antoni Bordone,£357.10,7,34
S,660,Salaidh Guild,£373.25,4,193
S,661,Leone Askin,£280.27,6,45
S,662,Renell Striker,£52.20,4,102
S,663,Corinna Valiant,£198.41,4,103
M,664,Edwina Mewe,£326.61,3,123
M,665,Orville Banks,£109.74,9,181
M,666,Miner Grimsdale,£383.07,8,123
S,667,Felecia McAster,£155.80,2,86
M,668,Arty Clulee,£293.33,3,19
M,669,Ulrica Champ,£474.15,8,168
S,670,Nico Nelius,£289.41,6,17
M,671,Matteo Le-Good,£145.28,6,41
M,672,Creight Londors,£383.39,1,29
M,673,Juliet Nehl,£471.31,10,184
M,674,Gideon O Mullen,£233.09,6,63
M,675,Jefferson Ogers,£408.16,3,94
M,676,Redd Queyos,£219.36,3,109
S,677,Chase Arondel,£80.12,9,196
S,678,Griz Cudworth,£167.74,1,170
S,679,Shanon Errington,£357.17,6,40
S,680,Randene Surpliss,£446.77,1,21
S,681,Marjy Ulrik,£447.62,9,45
M,682,Free Queste,£93.76,5,198
S,683,Pren Fishwick,£469.54,10,116
S,684,Keir Demoge,£363.02,5,178
S,685,Virgil Gummie,£135.01,9,193
S,686,Godiva Skrines,£470.45,8,122
S,687,Gerianna Glanert,£285.60,7,63
S,688,Wheeler Rosenstock,£281.67,4,34
S,689,Ned McGourty,£112.50,8,58
S,690,Eziechiele Pudden,£350.85,9,20
M,691,Ozzy Stothert,£163.74,5,107
S,692,Adelina Ert,£363.52,10,23
S,693,Redford Forsyth,£265.61,1,21
S,694,Dal Prenty,£218.45,9,88
S,695,Cullen Palser,£439.68,1,7
M,696,Boniface O'Luney,£115.55,2,93
M,697,Ansell Reuther,£288.81,4,189
S,698,Tommie Besset,£93.56,9,131
M,699,Ernesta Thebe,£443.05,7,1
M,700,Abigale Woodeson,£246.18,9,38
S,701,Cory Roadknight,£424.19,5,91
M,702,Jilleen Emptage,£422.01,10,44
M,703,Linea Chandler,£369.56,8,84
M,704,Nada Mumford,£112.58,2,49
S,705,Rosemaria Casali,£340.03,3,9
M,706,Sherwood Hamlett,£401.46,3,22
S,707,Alameda Yetts,£101.93,1,56
M,708,Russell Sparshutt,£227.30,3,173
M,709,Kimberli Mattussevich,£176.40,2,170
M,710,Peri Lavallin,£295.92,3,68
M,711,Rafi Sulland,£192.37,9,131
M,712,Tim Detloff,£195.58,3,121
M,713,Lesli Flanders,£454.30,2,196
M,714,Dulcinea Baptiste,£286.66,3,75
S,715,Bil M'Quharge,£194.91,7,52
S,716,Simonne Aubri,£247.78,2,91
M,717,Suzi Parcall,£111.10,6,180
S,718,Douglas Ponting,£357.48,6,179
S,719,Boothe McQuillin,£135.66,5,142
M,720,Maje Collet,£244.88,9,99
S,721,Ambrosi Ovell,£393.70,2,188
S,722,Rona Vedenisov,£133.22,2,117
S,723,Trina Ricca,£175.10,3,116
S,724,Livvie M'cowis,£427.74,10,90
M,725,Mallissa Titterton,£210.71,10,58
S,726,Lynette Lealle,£260.50,4,56
M,727,Arturo Thomsson,£180.54,3,8
S,728,Tamarra Luty,£491.54,3,158
S,729,Devin Easterbrook,£414.93,3,66
S,730,Zorah Bowness,£85.68,10,16
S,731,Saul Toke,£214.89,1,53
M,732,Lindsey Sandes,£106.61,7,163
M,733,Kristopher Heineking,£300.92,6,23
M,734,Gabe Monni,£307.60,2,110
M,735,Rogers Thorneloe,£342.21,9,125
M,736,Nevil Douthwaite,£126.59,8,179
S,737,Lotty Cribbins,£379.96,9,162
M,738,Kynthia Whistance,£408.64,7,172
S,739,Esteban Brumbie,£388.09,7,22
S,740,Alanah Jonsson,£464.43,5,1
M,741,Leonhard Aronovich,£316.45,4,81
S,742,Roselle Preene,£499.82,6,32
S,743,Zebulen Todarini,£466.10,5,129
M,744,Minette Wright,£167.56,1,100
M,745,Griswold Vesty,£61.74,7,49
S,746,Karel Zarfati,£373.23,8,54
S,747,Winnah MacGall,£94.73,10,68
S,748,Morris Baison,£386.28,6,74
S,749,Casie Vallery,£145.60,9,48
M,750,Brit Eborall,£470.61,5,47
M,751,Eugenie Bowcher,£189.78,4,30
S,752,Karisa Maltster,£71.91,10,161
M,753,Lisle Masham,£460.17,8,79
S,754,Kalina Huerta,£452.42,8,148
M,755,Ethan Matczak,£123.75,4,34
S,756,Rockie Malt,£204.43,3,22
M,757,Randie Evitt,£420.44,7,85
M,758,Rad Coley,£339.07,9,181
M,759,Berti Leathe,£218.00,2,134
M,760,Wendel Corre,£444.93,5,60
S,761,Spencer Arnefield,£291.11,9,149
S,762,Ira Ruslin,£214.09,8,111
M,763,Valene Murkitt,£120.75,7,59
S,764,Korney Narey,£155.97,7,11
S,765,Megen Grevel,£253.64,4,173
S,766,Calv Braunter,£252.56,6,86
M,767,Gareth Turrill,£327.45,4,182
M,768,Toddie Locke,£363.72,9,165
S,769,Brody Desson,£429.44,6,185
M,770,Darda Peaseman,£59.12,2,10
S,771,Jerrylee Reedick,£348.35,5,119
S,772,Timoteo Ciabatteri,£109.30,5,172
S,773,Thalia Gillfillan,£118.30,1,138
S,774,Kimble Stuchbury,£336.74,5,149
M,775,Parker Ferreo,£74.67,7,48
M,776,Pepito Murrell,£316.26,1,62
M,777,Herold Heersma,£272.34,5,86
M,778,Clo Blasdale,£294.88,3,92
S,779,Avivah Haggerstone,£353.57,5,80
S,780,Lyell Stalman,£84.24,3,10
S,781,Wilbert Kelsow,£486.16,1,18
S,782,Harrison Burchall,£122.38,6,20
S,783,Leonhard Lincey,£478.20,6,151
M,784,Ashlan D'Arrigo,£205.83,3,145
S,785,Abra Thurlbeck,£90.95,9,97
S,786,Raff Blampy,£320.63,4,179
S,787,Suzanne Worsnop,£327.66,9,67
S,788,Pat Swetenham,£198.27,9,149
S,789,Sherri Clell,£192.63,7,131
S,790,Louie Cholerton,£71.89,10,177
S,791,Chrysa Wearne,£253.62,4,48
S,792,Willyt Lamerton,£365.25,5,163
S,793,Akim Bridgeland,£179.35,2,110
M,794,Neill Oxlee,£409.81,4,184
S,795,Lauree McEntegart,£386.52,1,4
S,796,Foster Warsap,£201.51,7,19
M,797,Tuck Mitkin,£295.42,7,4
S,798,Quintilla Hoble,£306.90,5,81
S,799,Joel Peres,£171.04,8,50
M,800,Allie Tomkins,£120.25,3,114
M,801,Clywd Bernhardi,£185.09,2,169
S,802,Dorey Halewood,£445.24,10,60
M,803,Archibaldo Gotcher,£353.48,8,166
S,804,Valdemar Lumox,£216.73,10,142
M,805,Jodie Cornier,£454.32,4,92
M,806,Winifield Catteroll,£261.10,8,47
S,807,Barde Snooks,£235.23,10,44
M,808,Brooke Phythean,£131.72,1,46
M,809,Tierney Morrel,£486.14,9,144
S,810,Lorene Pendrich,£172.09,9,107
S,811,Angil Dudeney,£269.05,7,15
M,812,Margret Skala,£435.84,10,126
S,813,Ardelle Aylen,£487.22,2,150
M,814,Jaime Leyband,£389.58,3,87
M,815,Nikaniki Balsillie,£319.65,2,90
S,816,Kayne Hatwells,£429.66,5,47
M,817,Damon Steagall,£158.20,8,141
M,818,Mallory McReidy,£204.11,2,32
S,819,Lezley Luty,£359.55,10,200
M,820,Rip Rathjen,£68.40,9,5
S,821,Phaedra Shadfourth,£202.16,7,37
S,822,Kipp Batha,£89.07,6,154
M,823,Georgina Castagno,£337.66,2,182
M,824,North Conlaund,£151.11,3,90
S,825,Aldus Franchyonok,£61.52,6,49
S,826,Mignonne Scott,£349.58,2,10
S,827,Meg Tadman,£486.42,3,147
S,828,Neron Domegan,£493.65,6,78
S,829,Saraann Knock,£471.82,5,125
M,830,Archambault Renwick,£229.86,8,158
M,831,Riannon Chadwick,£125.53,10,181
S,832,Zachery Levermore,£429.54,10,7
M,833,Devi Omrod,£125.00,1,101
S,834,Morey Swadling,£271.51,8,164
S,835,Cly Ellingham,£450.22,5,28
M,836,Francyne Hebson,£407.71,6,26
M,837,Orlando Burridge,£129.16,5,94
M,838,Lishe Coleby,£58.24,8,185
M,839,Sigismondo Vreede,£492.76,8,2
M,840,Brittani Mulchrone,£309.80,6,150
M,841,Eugenius Skirvane,£100.31,8,193
S,842,Ash Hosby,£221.55,8,20
M,843,Mahmoud Dumingos,£211.60,7,113
M,844,Vernor Downton,£323.81,1,43
S,845,Katey Le Brun,£281.21,3,165
S,846,Rosabella Walkowski,£225.12,3,39
M,847,Jesus Pundy,£373.17,2,183
M,848,Kristofer Winwright,£184.88,7,67
S,849,Lazaro Pettus,£71.78,2,78
M,850,Klarika Cree,£403.37,1,143
M,851,Gunther Cassin,£235.57,10,104
M,852,Orelle Golley,£311.73,3,104
M,853,Parsifal Tillard,£337.13,2,87
M,854,Otha Thomton,£494.43,2,129
S,855,Jacobo Caneo,£416.37,1,39
S,856,Mac Ilem,£361.69,4,79
S,857,Yoko Whiskin,£341.33,1,156
S,858,Tammie Korf,£293.07,2,31
M,859,Stephi Moyne,£386.89,10,65
M,860,Norton Huleatt,£445.48,8,123
S,861,Trueman Kindread,£312.89,8,165
M,862,Ilene Bolf,£203.95,9,190
S,863,Renate Isbell,£255.10,10,145
S,864,Anatollo Moyer,£466.32,3,27
S,865,Boothe Harbottle,£310.62,7,146
S,866,Ursa Saffon,£276.43,8,56
M,867,Pyotr Gobbett,£50.96,2,80
S,868,Evangelia Phillcock,£316.66,7,96
M,869,Debbi Caville,£373.95,1,175
M,870,Delphinia Dootson,£224.09,2,66
S,871,Marsha Duesbury,£75.10,7,94
S,872,Constantine Skittreal,£251.70,3,160
S,873,Audra Joll,£107.25,5,70
M,874,Care Berge,£361.05,7,100
M,875,Yulma Measham,£247.40,7,121
M,876,Horten Soulsby,£120.73,1,199
M,877,Paul Archard,£67.75,1,31
S,878,Billy Schollar,£486.31,8,69
M,879,Cicily Tulleth,£272.75,9,191
M,880,Petrina Judkin,£445.34,8,190
S,881,Beale Waren,£158.60,5,125
M,882,Zaneta Greensall,£110.81,1,103
S,883,Skyler Mollon,£405.62,5,1
S,884,Alana Girardey,£148.99,2,155
M,885,Robinett Hay,£194.08,7,83
S,886,Barbara-anne Cleyburn,£214.82,4,69
M,887,Web Roger,£119.51,3,199
S,888,Wald Richfield,£284.06,6,135
M,889,Obidiah Laguerre,£343.46,4,139
S,890,Vladimir Fransson,£295.20,8,1
S,891,Wiatt Lamerton,£489.53,10,92
M,892,Benita Bedin,£137.93,6,103
M,893,Farlie Burdoun,£162.03,9,145
S,894,Gertie Harrell,£312.38,2,176
M,895,Dewain Mellenby,£237.37,6,19
M,896,Reina Lapidus,£68.84,10,43
S,897,Win Arrol,£147.69,7,200
S,898,Lindsey Rudge,£292.52,8,16
S,899,Blake Joriot,£446.86,10,54
M,900,Clyve Lowndsborough,£336.91,4,94
M,901,Delinda Smouten,£375.15,3,176
M,902,Indira Greaser,£447.61,5,41
M,903,Johna Knibbs,£199.71,7,144
S,904,Vanda Sidsaff,£173.09,2,53
S,905,Pierce Tombleson,£485.69,1,151
M,906,Honor Gianotti,£476.38,4,58
S,907,Dominga Syddon,£50.78,1,120
S,908,Shara Prettejohns,£128.91,9,161
M,909,Roosevelt Michieli,£55.08,1,112
M,910,Deb Soeiro,£201.75,7,56
S,911,Chaim Perin,£241.88,6,167
M,912,Humfrey Leader,£400.54,10,14
M,913,Sim Monahan,£356.33,7,54
M,914,Roxi Coronas,£100.67,8,139
S,915,Hendrika Abercrombie,£467.81,6,36
M,916,Billie Molder,£282.45,6,196
S,917,Noble Clapston,£129.48,1,199
M,918,Jen Gonnelly,£231.73,10,68
M,919,Gilbert Josuweit,£475.63,7,140
M,920,Chaddy O'Breen,£451.16,5,196
S,921,Reube Thraves,£493.42,3,76
M,922,Kass Ollcott,£439.00,9,84
S,923,Francisca Christophle,£294.13,3,5
M,924,Beryle Attwell,£407.03,1,7
S,925,Cynthia Ivimey,£308.75,5,166
M,926,Damaris Persence,£447.49,5,85
M,927,Feliza Giannoni,£344.71,7,141
M,928,Toddy Dilland,£263.16,6,4
S,929,Licha Russe,£85.44,2,53
M,930,Husein Gandy,£411.62,8,75
M,931,Wendall Shields,£424.10,7,104
S,932,Rainer Waumsley,£240.44,7,100
S,933,Trenton Seedman,£69.63,6,15
S,934,Herbert Aikin,£209.42,3,46
M,935,Mauricio Hallifax,£151.63,4,80
M,936,Dal Marson,£293.37,9,53
M,937,Fabiano Nicholas,£344.67,4,30
S,938,Damara Oddy,£108.55,6,148
S,939,Lowrance Kermeen,£409.71,9,2
S,940,Nara Cossey,£449.92,7,91
S,941,Albertine Wilkin,£296.86,10,118
S,942,Ferne Pezey,£463.86,4,66
M,943,Cathe Silverstone,£252.43,4,20
S,944,Nilson Leyshon,£295.41,10,95
S,945,Colet Strethill,£166.85,7,176
M,946,Raychel Trippick,£90.41,6,97
M,947,Sigfried Doud,£389.58,3,200
S,948,Cosmo Jarrette,£222.62,3,68
S,949,Harmon Loughren,£244.39,4,176
M,950,Orville Rozycki,£431.91,7,15
M,951,Benedict Goshawke,£304.32,7,14
M,952,Ranice Kidby,£346.82,4,16
M,953,Thoma Upson,£378.14,8,11
S,954,Vita Yoxall,£135.04,9,127
S,955,Tore Probert,£421.42,9,106
S,956,Thornton Odger,£207.01,1,132
S,957,Normy Swiffen,£459.22,1,19
M,958,Hewitt Buckingham,£328.54,3,61
M,959,Joya Kill,£193.24,7,194
S,960,Cazzie Pierse,£197.74,3,140
S,961,Petronilla Guillet,£74.96,4,111
M,962,Heddie Mulderrig,£257.29,6,22
M,963,Rudie Torra,£374.06,7,40
M,964,Toma O'Feeney,£69.34,2,89
S,965,Lucretia Kopta,£243.81,5,76
S,966,Gamaliel Reckless,£289.08,5,140
M,967,Barnebas Hrynczyk,£81.93,7,185
S,968,Gill Bruneau,£92.72,4,122
S,969,Orlando O' Liddy,£423.75,6,23
M,970,Cary Shilvock,£292.80,8,64
S,971,Cobbie Janous,£411.60,2,35
S,972,Bailey Houselee,£472.10,9,159
S,973,Percival Rintoul,£472.68,2,94
S,974,Kinsley Selly,£144.94,8,137
M,975,Clarence Cavilla,£410.08,1,178
S,976,Libbie Lennarde,£339.69,3,118
M,977,Jo Stabbins,£104.63,3,89
S,978,Lise Dyneley,£487.24,8,193
S,979,Atlanta Ballantyne,£373.91,3,139
S,980,Adam Titherington,£104.50,7,94
S,981,Candi Vain,£288.67,1,178
S,982,Norina O'Mohun,£251.58,9,17
M,983,Janis Celez,£262.07,9,15
S,984,Eleanora Simkiss,£178.12,6,132
S,985,Kanya MacGibbon,£164.71,5,197
S,986,Berry Heberden,£133.01,5,149
M,987,Sada Cornelissen,£284.20,2,123
M,988,Mair Pettiward,£302.62,7,107
M,989,Way Mc Trusty,£466.30,1,188
M,990,Lindsey Lovie,£247.46,1,149
M,991,Lura Sholem,£162.06,4,172
M,992,Lorenza Grestye,£477.83,5,89
S,993,Nadya Greenrde,£101.61,8,24
M,994,Misti Pagel,£491.95,6,83
S,995,Kent Vennart,£414.11,9,120
M,996,Lyda Sambell,£434.89,4,167
S,997,Ogdan Dyball,£150.44,4,15
S,998,Brigham Wedlock,£125.07,8,197
M,999,Robena Iglesias,£227.32,2,27
S,1000,Ainslie Mangeney,£95.40,4,83
